arm,seed,run,completed,blind_correct,blind_total,restart_correct,restart_total,latest_corrections_kept,windows,route_verified,fixture_sha256
A,1701,1,True,12,12,12,12,True,0,True,c73129157c7163903871db73f0954d9bca8b9969a523599e5a57fa9e6615bb1b
A,1701,2,True,12,12,12,12,True,0,True,c73129157c7163903871db73f0954d9bca8b9969a523599e5a57fa9e6615bb1b
A,1701,3,True,12,12,12,12,True,0,True,c73129157c7163903871db73f0954d9bca8b9969a523599e5a57fa9e6615bb1b
A,2903,1,True,12,12,12,12,True,0,True,cc63f0aa00c5fd62b8fefd6f053d9d3e9dfd178f9c05beaecdb7c95d7c755fc5
A,2903,2,True,12,12,12,12,True,0,True,cc63f0aa00c5fd62b8fefd6f053d9d3e9dfd178f9c05beaecdb7c95d7c755fc5
A,2903,3,True,12,12,12,12,True,0,True,cc63f0aa00c5fd62b8fefd6f053d9d3e9dfd178f9c05beaecdb7c95d7c755fc5
A,4307,1,True,12,12,12,12,True,0,True,19105a5455cdb5bfdb0498f8ae531751c48407ca4edf75f44967567e2a3e9c89
A,4307,2,True,12,12,12,12,True,0,True,19105a5455cdb5bfdb0498f8ae531751c48407ca4edf75f44967567e2a3e9c89
A,4307,3,True,12,12,12,12,True,0,True,19105a5455cdb5bfdb0498f8ae531751c48407ca4edf75f44967567e2a3e9c89
B,1701,1,True,12,12,10,12,False,0,True,c73129157c7163903871db73f0954d9bca8b9969a523599e5a57fa9e6615bb1b
B,1701,2,True,12,12,12,12,True,0,True,c73129157c7163903871db73f0954d9bca8b9969a523599e5a57fa9e6615bb1b
B,1701,3,True,12,12,12,12,True,0,True,c73129157c7163903871db73f0954d9bca8b9969a523599e5a57fa9e6615bb1b
B,2903,1,True,12,12,12,12,True,0,True,cc63f0aa00c5fd62b8fefd6f053d9d3e9dfd178f9c05beaecdb7c95d7c755fc5
B,2903,2,True,12,12,10,12,False,0,True,cc63f0aa00c5fd62b8fefd6f053d9d3e9dfd178f9c05beaecdb7c95d7c755fc5
B,2903,3,True,12,12,10,12,False,0,True,cc63f0aa00c5fd62b8fefd6f053d9d3e9dfd178f9c05beaecdb7c95d7c755fc5
B,4307,1,True,12,12,10,12,False,0,True,19105a5455cdb5bfdb0498f8ae531751c48407ca4edf75f44967567e2a3e9c89
B,4307,2,True,12,12,10,12,False,0,True,19105a5455cdb5bfdb0498f8ae531751c48407ca4edf75f44967567e2a3e9c89
B,4307,3,True,12,12,12,12,True,0,True,19105a5455cdb5bfdb0498f8ae531751c48407ca4edf75f44967567e2a3e9c89
C,1701,1,True,12,12,12,12,True,3,True,c73129157c7163903871db73f0954d9bca8b9969a523599e5a57fa9e6615bb1b
C,1701,2,True,12,12,12,12,True,8,True,c73129157c7163903871db73f0954d9bca8b9969a523599e5a57fa9e6615bb1b
C,1701,3,True,12,12,12,12,True,3,True,c73129157c7163903871db73f0954d9bca8b9969a523599e5a57fa9e6615bb1b
C,2903,1,True,12,12,12,12,True,3,True,cc63f0aa00c5fd62b8fefd6f053d9d3e9dfd178f9c05beaecdb7c95d7c755fc5
C,2903,2,True,12,12,12,12,True,8,True,cc63f0aa00c5fd62b8fefd6f053d9d3e9dfd178f9c05beaecdb7c95d7c755fc5
C,2903,3,True,12,12,12,12,True,3,True,cc63f0aa00c5fd62b8fefd6f053d9d3e9dfd178f9c05beaecdb7c95d7c755fc5
C,4307,1,True,12,12,12,12,True,3,True,19105a5455cdb5bfdb0498f8ae531751c48407ca4edf75f44967567e2a3e9c89
C,4307,2,True,12,12,12,12,True,8,True,19105a5455cdb5bfdb0498f8ae531751c48407ca4edf75f44967567e2a3e9c89
C,4307,3,True,12,12,12,12,True,4,True,19105a5455cdb5bfdb0498f8ae531751c48407ca4edf75f44967567e2a3e9c89
